gene,max,min,peak_time
GENE_A,1.0,0.05,50.0
GENE_B,1.0,0.05,25.0
GENE_C,0.11351189000548612,0.0016069840871283485,10.0
