{
    "results": [],
    "final_state": {
        "p700_concentration": 1.0,
        "stability": 1.0,
        "coherence_factor": 1.0,
        "genes": {}
    },
    "environment_history": [],
    "quantum_history": [
        {
            "time": 0.0,
            "run": "phytoqmmml_trainer",
            "args": {
                "learning_rate": 0.15,
                "coherence": 0.0001,
                "noise_level": 0.05
            },
            "z_exp": [
                1.0,
                -0.9999999984875134,
                -0.9999999994051489,
                -1.000000000576791,
                -0.9999999981216772,
                -0.999999998484706,
                -1.000000001544222,
                -0.999999999651825,
                -1.0000000015977466,
                -1.0000000004882668,
                -1.0000000003216605,
                -0.9999999994449243,
                -0.999999999205904,
                -0.9999999991738115,
                -1.0000000026949813,
                -1.0000000019623838,
                -0.9999999996790255,
                -1.0000000011065642,
                -1.0000000003071077,
                -1.0000000056596279,
                -0.9999999980681727,
                -0.9999999998305866,
                -1.0000000021771949,
                -1.0000000009414065,
                -0.9999999979756315,
                -1.0000000018324975,
                -0.9999999993034562,
                -1.0000000006418457,
                -1.000000000763428,
                -1.000000000353869,
                -0.9999999997856731,
                -0.9999999997311456,
                -1.0000000008414012,
                -1.0000000010675503,
                -0.9999999996535809,
                -1.0000000008517536,
                -1.0000000013145263,
                -1.0000000010620234,
                -0.9999999972736661,
                -1.000000001985095,
                -1.0000000004604275,
                -1.0000000013802284,
                -0.9999999990389662,
                -0.999999998409951,
                -0.9999999998222596,
                -1.0000000019202866,
                -1.0000000005841536,
                -0.9999999999786338,
                -1.0000000005812466,
                -0.9999999989325377,
                -1.000000000863186,
                -0.9999999994588995,
                -1.0000000006037175,
                -0.9999999991421837,
                -1.000000000871735,
                -1.0000000002411036,
                -0.9999999987087012,
                -0.9999999984084699,
                -1.0000000005698602,
                -1.0000000005681857,
                -1.0000000000852434,
                -0.9999999998087526,
                -1.000000000983942,
                -0.9999999992026553,
                -1.0000000009396226,
                -1.0000000017081283,
                -0.9999999989163078,
                -0.9999999995987754,
                -0.9999999970377138,
                -1.0000000001775748,
                -1.000000001106415,
                -1.0000000007366088,
                -1.000000002723259,
                -0.9999999990454855,
                -1.000000000784187,
                -1.0000000155783453,
                -1.0000000001166907,
                -0.9999999989603839,
                -1.0000000009218115,
                -0.9999999993207863,
                -1.0000000001953828,
                -0.9999999990365032,
                -1.000000001164345,
                -1.000000000859325,
                -0.9999999977549385,
                -0.9999999982171113,
                -1.000000001095386,
                -1.0000000008660304,
                -0.9999999991090244,
                -1.0000000012234498,
                -0.9999999993030528,
                -1.0000000005121725,
                -1.0000000014538686,
                -1.0000000006425898,
                -1.0000000019697968,
                -1.000000006650203,
                -1.0000000006931002,
                -0.9999999991598955,
                -1.0000000007745742,
                -1.0000000017294144
            ]
        },
        {
            "time": 0.0,
            "op": "H",
            "targets": [
                0
            ]
        },
        {
            "time": 0.0,
            "op": "H",
            "targets": [
                0
            ]
        },
        {
            "time": 0.0,
            "op": "H",
            "targets": [
                0
            ]
        },
        {
            "time": 0.0,
            "op": "Y",
            "targets": [
                0
            ]
        },
        {
            "time": 0.0,
            "op": "Z",
            "targets": [
                0
            ]
        },
        {
            "time": 0.0,
            "op": "X",
            "targets": [
                0
            ]
        },
        {
            "time": 0.0,
            "op": "CNOT",
            "targets": [
                0,
                0
            ]
        },
        {
            "time": 0.0,
            "op": "CNOT",
            "targets": [
                0,
                0
            ]
        },
        {
            "time": 0.0,
            "measure": 0,
            "outcome": 0
        },
        {
            "time": 0.0,
            "run": "phytoqmmml_classifier",
            "args": {
                "threshold": 0.5
            },